"Path","Status","Direction","RemoteHash","LocalHash"
".codex/local.env.example","identical","both_present","93bc03a52d4846ea275d5e465d9c2e1280692085","93bc03a52d4846ea275d5e465d9c2e1280692085"
".codex/README.md","identical","both_present","f83011e05fda4f1d32cb68259dd3de474ce1634e","f83011e05fda4f1d32cb68259dd3de474ce1634e"
".codex/settings.example.toml","identical","both_present","b6bf50045456e52f433cdff0a74cafb203764ba8","b6bf50045456e52f433cdff0a74cafb203764ba8"
".github/PULL_REQUEST_TEMPLATE.md","identical","both_present","67a34d74bcb44495e7f11c370468c36815052658","67a34d74bcb44495e7f11c370468c36815052658"
".gitignore","identical","both_present","b9a1591726ca5c9a80fe32a28a5d603c34f0f7b7","b9a1591726ca5c9a80fe32a28a5d603c34f0f7b7"
"AGENTS.md","identical","both_present","d702a4427e0de75e5cd682fa4ff25db7f44697f6","d702a4427e0de75e5cd682fa4ff25db7f44697f6"
"CITATION.cff","identical","both_present","a2e93c2e1b905606ab53523ab7c603b051948809","a2e93c2e1b905606ab53523ab7c603b051948809"
"COPYRIGHT_NOTES.md","identical","both_present","2223643a1b76bec56583dcb45b0b440e00ad125e","2223643a1b76bec56583dcb45b0b440e00ad125e"
"docs/.nojekyll","identical","both_present","8b137891791fe96927ad78e64b0aad7bded08bdc","8b137891791fe96927ad78e64b0aad7bded08bdc"
"docs/assets/css/main.css","identical","both_present","7d71149480ef7107e3cbf92e9f147531fc44447f","7d71149480ef7107e3cbf92e9f147531fc44447f"
"docs/assets/js/viewer.js","identical","both_present","f5e7ed0a1161b4204751b98db6535b8d1a38c7bf","f5e7ed0a1161b4204751b98db6535b8d1a38c7bf"
"docs/assets/refs/README.md","identical","both_present","b03e4379fd9ceac60116e2bb863bc00d1191e577","b03e4379fd9ceac60116e2bb863bc00d1191e577"
"docs/assets/staj/originals/EK-10_Siemens_Staj_Makale_Analizleri.docx","identical","both_present","1ae158fc835fdc0bc11050d6c0990f601ace0e69","1ae158fc835fdc0bc11050d6c0990f601ace0e69"
"docs/assets/staj/originals/EK-10_Siemens_Staj_Makale_Analizleri.pdf","identical","both_present","11aaaa769313b2263bc69185d5656b7741d5b402","11aaaa769313b2263bc69185d5656b7741d5b402"
"docs/assets/staj/pages/page-001.png","identical","both_present","a09f354904df3e5a53b4b9ad95006b11fae974e6","a09f354904df3e5a53b4b9ad95006b11fae974e6"
"docs/assets/staj/pages/page-002.png","identical","both_present","fdfafe34b82a212acc1bcf23732bd71b1e1ca65a","fdfafe34b82a212acc1bcf23732bd71b1e1ca65a"
"docs/assets/staj/pages/page-003.png","identical","both_present","806f8f80a4f67f2ae4baee8739040239b5cd30d6","806f8f80a4f67f2ae4baee8739040239b5cd30d6"
"docs/assets/staj/pages/page-004.png","identical","both_present","4f0e390075e38cbb280800b3d898ea3f1a2fce90","4f0e390075e38cbb280800b3d898ea3f1a2fce90"
"docs/assets/staj/pages/page-005.png","identical","both_present","33e4617ac2c6114a86ae2c2af9b8cb4d1ad5fecf","33e4617ac2c6114a86ae2c2af9b8cb4d1ad5fecf"
"docs/assets/staj/pages/page-006.png","identical","both_present","d17d006aa099610fe2f5e62755d53c545a35f923","d17d006aa099610fe2f5e62755d53c545a35f923"
"docs/assets/staj/pages/page-007.png","identical","both_present","e183caacc12429f72102b396df4a1442ea08eef6","e183caacc12429f72102b396df4a1442ea08eef6"
"docs/assets/staj/pages/page-008.png","identical","both_present","3626db61dcdbced18c92739f4a4be3c29f8ae6cc","3626db61dcdbced18c92739f4a4be3c29f8ae6cc"
"docs/assets/staj/pages/page-009.png","identical","both_present","4e0f4102e6950c8c2c5a8ee14c9400d994d011b5","4e0f4102e6950c8c2c5a8ee14c9400d994d011b5"
"docs/assets/staj/pages/page-010.png","identical","both_present","f28efba588b6e2b953eeff966a2c3a494e5c3a2a","f28efba588b6e2b953eeff966a2c3a494e5c3a2a"
"docs/assets/staj/pages/page-011.png","identical","both_present","7a1cd67a924486eabd740a2c260e9ca34d3f42f8","7a1cd67a924486eabd740a2c260e9ca34d3f42f8"
"docs/assets/staj/pages/page-012.png","identical","both_present","a9edec1deb09b701f88bf7a8ce75b58fc16423d3","a9edec1deb09b701f88bf7a8ce75b58fc16423d3"
"docs/assets/staj/pages/page-013.png","identical","both_present","85e70bb2e11c3231bd640e5b30def23bdd43d90f","85e70bb2e11c3231bd640e5b30def23bdd43d90f"
"docs/assets/staj/pages/page-014.png","identical","both_present","e8fd33e9fcab2105a72829593d5d839fad733ac7","e8fd33e9fcab2105a72829593d5d839fad733ac7"
"docs/assets/staj/pages/page-015.png","identical","both_present","735f4abe149aa6cbdc015f0c979d0147398ba83c","735f4abe149aa6cbdc015f0c979d0147398ba83c"
"docs/assets/staj/pages/page-016.png","identical","both_present","134f37b17aaa79faafc470413a6d09c3af8cf4cd","134f37b17aaa79faafc470413a6d09c3af8cf4cd"
"docs/assets/staj/pages/page-017.png","identical","both_present","39b31cb69fb7d729da797ac5b20127f090e0ba18","39b31cb69fb7d729da797ac5b20127f090e0ba18"
"docs/assets/staj/pages/page-018.png","identical","both_present","fa1fe3a327f7c3ba5c8919247d9d89a381e22954","fa1fe3a327f7c3ba5c8919247d9d89a381e22954"
"docs/assets/staj/pages/page-019.png","identical","both_present","3e0f26dc168952a23ed366b58d056f0281a170b0","3e0f26dc168952a23ed366b58d056f0281a170b0"
"docs/assets/staj/pages/page-020.png","identical","both_present","cdce6a471b5d6b96f5933904433f17c2541be767","cdce6a471b5d6b96f5933904433f17c2541be767"
"docs/assets/staj/pages/page-021.png","identical","both_present","043089370174f48f57a99d3d903dc2bc5d4341b4","043089370174f48f57a99d3d903dc2bc5d4341b4"
"docs/assets/staj/pages/page-022.png","identical","both_present","167ce92b5a8eb0cebf74cdcef5285840857060a7","167ce92b5a8eb0cebf74cdcef5285840857060a7"
"docs/assets/staj/pages/page-023.png","identical","both_present","eeaabdf01b4ab0de62c6eb70ff3c0a7bf5d39abd","eeaabdf01b4ab0de62c6eb70ff3c0a7bf5d39abd"
"docs/assets/staj/pages/page-024.png","identical","both_present","2f8d90dc9d9bb091633df08c8a3e8955dc3f2292","2f8d90dc9d9bb091633df08c8a3e8955dc3f2292"
"docs/assets/staj/pages/page-025.png","identical","both_present","2a068e99f4460b596eacef97a8ef988264b64efb","2a068e99f4460b596eacef97a8ef988264b64efb"
"docs/assets/staj/pages/page-026.png","identical","both_present","55c7e9ad5ee72226283c1499b33196a8cbaff446","55c7e9ad5ee72226283c1499b33196a8cbaff446"
"docs/assets/staj/pages/page-027.png","identical","both_present","1990dfecbb18aeeb41c4adf4d824e7341c2d332d","1990dfecbb18aeeb41c4adf4d824e7341c2d332d"
"docs/assets/staj/pages/page-028.png","identical","both_present","a4f6283387ecfe8bcc23662c88b6520601ff3b6d","a4f6283387ecfe8bcc23662c88b6520601ff3b6d"
"docs/data/page_manifest.json","identical","both_present","d1bf347c4a5104003ecb3c6c8a725d0a7c2317ac","d1bf347c4a5104003ecb3c6c8a725d0a7c2317ac"
"docs/data/search_index.json","identical","both_present","68b107b71579f76863dbb742b92625a86efab2db","68b107b71579f76863dbb742b92625a86efab2db"
"docs/index.html","identical","both_present","5772016430b5d0982a854fd24101463c6fd5de0a","5772016430b5d0982a854fd24101463c6fd5de0a"
"docs/kaynakca.html","identical","both_present","cee508265a41a438d777d939cc0c0f0f5c8a38ed","cee508265a41a438d777d939cc0c0f0f5c8a38ed"
"docs/staj-defteri.html","identical","both_present","edd99214642935f54bb47137a48987c9f2c43a79","edd99214642935f54bb47137a48987c9f2c43a79"
"docs/transcript.html","identical","both_present","182d88defc939e4411b6f1de7addded3e6410315","182d88defc939e4411b6f1de7addded3e6410315"
"docs/transcript/page-001.html","identical","both_present","2737895f8619742097b7fc81d94c078ad8214b1b","2737895f8619742097b7fc81d94c078ad8214b1b"
"docs/transcript/page-002.html","identical","both_present","db7577e82e6c02484160521a764918cae5e8ed4d","db7577e82e6c02484160521a764918cae5e8ed4d"
"docs/transcript/page-003.html","identical","both_present","fe03a0fe0e75cd0aa1b013dc3d165d3976b9c382","fe03a0fe0e75cd0aa1b013dc3d165d3976b9c382"
"docs/transcript/page-004.html","identical","both_present","88e02f73ef67b9e0b0f1e461e628d5882bb55d7a","88e02f73ef67b9e0b0f1e461e628d5882bb55d7a"
"docs/transcript/page-005.html","identical","both_present","241ffb3bacf1597bbb5fc097265902e2cd2945ef","241ffb3bacf1597bbb5fc097265902e2cd2945ef"
"docs/transcript/page-006.html","identical","both_present","ecadc3173173294188d36bd9552519d060557539","ecadc3173173294188d36bd9552519d060557539"
"docs/transcript/page-007.html","identical","both_present","26a18a296b4522012315295e5d1a95136ef92712","26a18a296b4522012315295e5d1a95136ef92712"
"docs/transcript/page-008.html","identical","both_present","3d5fb32e2b6fc1b5d2ddda21daf20cd03348259e","3d5fb32e2b6fc1b5d2ddda21daf20cd03348259e"
"docs/transcript/page-009.html","identical","both_present","eafed68fe2a60fc05d65bef225544ebb231ad43e","eafed68fe2a60fc05d65bef225544ebb231ad43e"
"docs/transcript/page-010.html","identical","both_present","c174f72a2c4d5ad5dfa4ef32de3dc5154b2c83de","c174f72a2c4d5ad5dfa4ef32de3dc5154b2c83de"
"docs/transcript/page-011.html","identical","both_present","d73b2e7bbb281159582f9d221b1e443381a77927","d73b2e7bbb281159582f9d221b1e443381a77927"
"docs/transcript/page-012.html","identical","both_present","2b59d08312b07635f0c62a2a5c092a29ac239a2e","2b59d08312b07635f0c62a2a5c092a29ac239a2e"
"docs/transcript/page-013.html","identical","both_present","a8f9259eb948983a10d343667dedf9fb26ac74ee","a8f9259eb948983a10d343667dedf9fb26ac74ee"
"docs/transcript/page-014.html","identical","both_present","da088550506e830aba19ae19406c2a887e15dfbf","da088550506e830aba19ae19406c2a887e15dfbf"
"docs/transcript/page-015.html","identical","both_present","f7ed41c52c16b16822b2f2efda984c1c7661bef7","f7ed41c52c16b16822b2f2efda984c1c7661bef7"
"docs/transcript/page-016.html","identical","both_present","af519e5ad3c6b34d7f0b3f76163f2de5667a3091","af519e5ad3c6b34d7f0b3f76163f2de5667a3091"
"docs/transcript/page-017.html","identical","both_present","1bf08196280dba4cfe3ec32afd66e6e31a7b2bc8","1bf08196280dba4cfe3ec32afd66e6e31a7b2bc8"
"docs/transcript/page-018.html","identical","both_present","4350fbdc27a71c6683390d624e438d1661d19c37","4350fbdc27a71c6683390d624e438d1661d19c37"
"docs/transcript/page-019.html","identical","both_present","d8d7abe426cb256c75dc8e0f369263b1945a994f","d8d7abe426cb256c75dc8e0f369263b1945a994f"
"docs/transcript/page-020.html","identical","both_present","8006516182f6be5786adcc25da344629c6aec276","8006516182f6be5786adcc25da344629c6aec276"
"docs/transcript/page-021.html","identical","both_present","94802942ee55a45c3513d165e87d54a019bb0937","94802942ee55a45c3513d165e87d54a019bb0937"
"docs/transcript/page-022.html","identical","both_present","5c5db2cdef324715318125a272c739cb8ed18e01","5c5db2cdef324715318125a272c739cb8ed18e01"
"docs/transcript/page-023.html","identical","both_present","590a369e6df0715b26d3898e5bd9dc4b93cc3b69","590a369e6df0715b26d3898e5bd9dc4b93cc3b69"
"docs/transcript/page-024.html","identical","both_present","538bc2dfd0b32a2fd244f3bac50abc2d7f17869f","538bc2dfd0b32a2fd244f3bac50abc2d7f17869f"
"docs/transcript/page-025.html","identical","both_present","dbc42e4184aade88c5cf46a82b5c959ce5dc40fd","dbc42e4184aade88c5cf46a82b5c959ce5dc40fd"
"docs/transcript/page-026.html","identical","both_present","c04f037e1277c4da0aeff6ab62657ba292fc9d88","c04f037e1277c4da0aeff6ab62657ba292fc9d88"
"docs/transcript/page-027.html","identical","both_present","e63a37a9c1dbd863df937dddc7fdd77717f72d6d","e63a37a9c1dbd863df937dddc7fdd77717f72d6d"
"docs/transcript/page-028.html","identical","both_present","9e6196fa1ce4da40626244a5c4f14413f82ade86","9e6196fa1ce4da40626244a5c4f14413f82ade86"
"LICENSE","identical","both_present","5f3d2803ec4821231e9be5dcd711bc4ce5bd1593","5f3d2803ec4821231e9be5dcd711bc4ce5bd1593"
"planning/legacy/docs/en/project-overview.md","identical","both_present","a3d50dce372bda810819d65ef7e107bf48d25394","a3d50dce372bda810819d65ef7e107bf48d25394"
"planning/legacy/docs/figures/field-service-tradeoff.mmd","identical","both_present","7460b0b8b6795277280aec99610fec09537f5012","7460b0b8b6795277280aec99610fec09537f5012"
"planning/legacy/docs/figures/service-operations-timeline.mmd","identical","both_present","fb74043c0a5b5f3e7a5beaee231cd8b31f052d5c","fb74043c0a5b5f3e7a5beaee231cd8b31f052d5c"
"planning/legacy/docs/tr/article-1-service-operations-history.md","identical","both_present","4203b73f04a648f01d4f26de73a5b2540b29df97","4203b73f04a648f01d4f26de73a5b2540b29df97"
"planning/legacy/docs/tr/article-2-field-service-cross-training.md","identical","both_present","989a86e5e755d09745d51b2c206bc1f9a30307e4","989a86e5e755d09745d51b2c206bc1f9a30307e4"
"planning/legacy/docs/tr/lessons-learned.md","identical","both_present","e42512e9a87d7480cafc4a2342a2f1fb7b66234d","e42512e9a87d7480cafc4a2342a2f1fb7b66234d"
"planning/legacy/docs/tr/portfolio-bullets.md","identical","both_present","8dc01c2d29203fd6cce15dd1151b94d69dadb216","8dc01c2d29203fd6cce15dd1151b94d69dadb216"
"planning/legacy/docs/tr/project-overview.md","identical","both_present","4bbf24d689579a723057b60e410efa484fae8cd9","4bbf24d689579a723057b60e410efa484fae8cd9"
"planning/legacy/docs/tr/public-sharing-note.md","identical","both_present","9a5a4abb8303a2ce7c44e7a53d0d461572f455d3","9a5a4abb8303a2ce7c44e7a53d0d461572f455d3"
"planning/legacy/docs/tr/what-i-did.md","identical","both_present","1986f7eef73102d64ca86f0f8af55d1a966a9e29","1986f7eef73102d64ca86f0f8af55d1a966a9e29"
"planning/legacy/figures/article2/availability-penalty-high-workload.webp","identical","both_present","febae60b127ead4b04083dc0bacd1288c7392f99","febae60b127ead4b04083dc0bacd1288c7392f99"
"planning/legacy/figures/article2/intensity-functions-annotated.webp","identical","both_present","75fd043bf186a4dc4e196d7fb196131f968d8cab","75fd043bf186a4dc4e196d7fb196131f968d8cab"
"planning/legacy/figures/article2/response-times-high-workload.webp","identical","both_present","0b26a6858d7c1dcadc599676629905aafcdf651b","0b26a6858d7c1dcadc599676629905aafcdf651b"
"planning/legacy/figures/internship/siemens-energy-business-units.webp","identical","both_present","40686418c4527e65aced06d94c392381b464ce9d","40686418c4527e65aced06d94c392381b464ce9d"
"planning/legacy/planning/evidence_map.md","identical","both_present","2447c9d56fcdebe700caad8d4a413abec30eec0a","2447c9d56fcdebe700caad8d4a413abec30eec0a"
"planning/legacy/planning/public_safe_inventory.md","identical","both_present","b8613218ff1337ce4a7dfabb2880842d0f8c7da4","b8613218ff1337ce4a7dfabb2880842d0f8c7da4"
"planning/legacy/planning/repo_strategy.md","identical","both_present","581a6be935d1752f6f8093001535b5a909cc643e","581a6be935d1752f6f8093001535b5a909cc643e"
"planning/legacy/portfolio/article1_analysis.md","identical","both_present","a4f9c8d69cabdbc2ccb4c2a92b73c808874f4197","a4f9c8d69cabdbc2ccb4c2a92b73c808874f4197"
"planning/legacy/portfolio/article2_analysis.md","identical","both_present","5a9af78cbac2ba82d54ae2e9848b294437f64ab1","5a9af78cbac2ba82d54ae2e9848b294437f64ab1"
"planning/legacy/portfolio/internship_summary.md","identical","both_present","96f02640adc726749a5b64a2c78137ba179c9d6e","96f02640adc726749a5b64a2c78137ba179c9d6e"
"planning/legacy/portfolio/publication_notes.md","identical","both_present","0fdc77c9e709fe60c35dcd13abf68d77ca1d5097","0fdc77c9e709fe60c35dcd13abf68d77ca1d5097"
"planning/legacy/portfolio/README.en.md","identical","both_present","24182c46d92bca40bc24210cc71bb6e12d243286","24182c46d92bca40bc24210cc71bb6e12d243286"
"planning/legacy/portfolio/REFERENCES.md","identical","both_present","898dd6546600a70e4865712895eb572fe8133b49","898dd6546600a70e4865712895eb572fe8133b49"
"planning/legacy/references/bibliography.md","identical","both_present","5111ac3a627862cdf5adb340df5707be4e3cca49","5111ac3a627862cdf5adb340df5707be4e3cca49"
"planning/legacy/references/citations.bib","identical","both_present","8a0fffd83a423134d5f6274339e92d450018ed1c","8a0fffd83a423134d5f6274339e92d450018ed1c"
"planning/legacy/review/FINAL_REVIEW.md","identical","both_present","2d424302c0da58c10039e548fa8dd27b373f4951","2d424302c0da58c10039e548fa8dd27b373f4951"
"planning/legacy/review/PR_DRAFT.md","identical","both_present","825da3d0a08e125b6ce86d351c0fea7909cb2900","825da3d0a08e125b6ce86d351c0fea7909cb2900"
"planning/legacy/toy-simulation/notebooks/field_service_toy_simulation.ipynb","identical","both_present","0fa9f29fc52237e329d49fa7b7f5c43fc7424f35","0fa9f29fc52237e329d49fa7b7f5c43fc7424f35"
"planning/legacy/toy-simulation/src/field_service_toy_simulation.py","identical","both_present","aa0b6ef4133c005dfeee8892837dbc13f5e9d16d","aa0b6ef4133c005dfeee8892837dbc13f5e9d16d"
"planning/migration_audit.md","identical","both_present","2fc3ee2c3497b25d307f5784280b8ed7e71da7a0","2fc3ee2c3497b25d307f5784280b8ed7e71da7a0"
"planning/qa-report.md","identical","both_present","9ed82f33e367427b672ef4519ba6e159510edaac","9ed82f33e367427b672ef4519ba6e159510edaac"
"planning/reuse-map.md","identical","both_present","83b50d3e2055434ad0a56cde2984f17243bfe1b3","83b50d3e2055434ad0a56cde2984f17243bfe1b3"
"planning/roadmap.md","identical","both_present","b37095e6cf5eb1def5c05f5143c8b1c2c871d83b","b37095e6cf5eb1def5c05f5143c8b1c2c871d83b"
"README.md","identical","both_present","a38f4bba63f22e6af17b76cc27e7e279fd93b041","a38f4bba63f22e6af17b76cc27e7e279fd93b041"
"RELEASE_SUMMARY.md","identical","both_present","57a3c834a5d18bda31f241239071c62668f9a406","57a3c834a5d18bda31f241239071c62668f9a406"
"scripts/build_manifest.py","identical","both_present","c0797565e3285af10e7a7ea826416f3794c86dca","c0797565e3285af10e7a7ea826416f3794c86dca"
"scripts/build_transcript.py","identical","both_present","ce4c1b0fd410c8943210bd40f2dacff687b4ac4c","ce4c1b0fd410c8943210bd40f2dacff687b4ac4c"
"scripts/export_docx_to_pdf.ps1","identical","both_present","ae67da9d57c42ad8b7c007526b44f1ed975fe718","ae67da9d57c42ad8b7c007526b44f1ed975fe718"
"scripts/export_pdf_pages.py","identical","both_present","77af84399758b16643d075b1159a25e176ee47d9","77af84399758b16643d075b1159a25e176ee47d9"
"scripts/extract_docx_media.py","identical","both_present","361a99f5ed86e530ea7cb26a36b60526cd010409","361a99f5ed86e530ea7cb26a36b60526cd010409"
"scripts/verify_repo.py","identical","both_present","df2e5c62847a347790609bbc135e4a02e8574c08","df2e5c62847a347790609bbc135e4a02e8574c08"
"_local_sources/README.local.txt","missing","repo_missing","","2c189f84a322a35c4d3b7105b7b4c84d77d8721e"
"_work/build/EK-10_Siemens_Staj_Makale_Analizleri.pdf","missing","repo_missing","","11aaaa769313b2263bc69185d5656b7741d5b402"
"_work/extracted/docx/blocks_raw.json","missing","repo_missing","","790e6b5922cd9b20ce95c8bbfecbcc651e12ab31"
"_work/extracted/docx/docx_media_inventory.csv","missing","repo_missing","","feb8152e729da2c0fbff0a4a40cdddc29aec75b6"
"_work/extracted/docx/media_raw/image1.png","missing","repo_missing","","7f979e2feea477f9ae0dc621c2e9de343ca05c34"
"_work/extracted/docx/media_raw/image10.jpeg","missing","repo_missing","","3f8e3a0fbfa4e5390c0b28fd02ce1eef0d247a55"
"_work/extracted/docx/media_raw/image11.jpg","missing","repo_missing","","b8e4026b592915074ddd7b67223a9f64c9505e9b"
"_work/extracted/docx/media_raw/image12.JPG","missing","repo_missing","","8226631cbe0d176cf94d0b6c5999c4169fd704af"
"_work/extracted/docx/media_raw/image13.JPG","missing","repo_missing","","16e9f4bc0e80f61224600a3645202e7a1d56f2ca"
"_work/extracted/docx/media_raw/image14.JPG","missing","repo_missing","","c78886ece42c060b503595a893db8394f08faf80"
"_work/extracted/docx/media_raw/image15.JPG","missing","repo_missing","","ec3d7bbd21c417db53ecf601b9d87c18183db15b"
"_work/extracted/docx/media_raw/image16.JPG","missing","repo_missing","","fe1d4b26dd44ea146e3d79bf726db80ed0a73562"
"_work/extracted/docx/media_raw/image17.JPG","missing","repo_missing","","eae7d47875cc330b5ac7e34a8464479ecb3b1d39"
"_work/extracted/docx/media_raw/image18.JPG","missing","repo_missing","","c570f4b0103d1ff42bf5f97b3a4992403d011381"
"_work/extracted/docx/media_raw/image19.JPG","missing","repo_missing","","084e71a60524bdec151f27c124df1f1053b7442a"
"_work/extracted/docx/media_raw/image2.svg","missing","repo_missing","","0f9d1843b09bdb09d70d3408e0c63b7abfc80a24"
"_work/extracted/docx/media_raw/image20.JPG","missing","repo_missing","","a26f0e5a768dbd81e2d669114b0fa610eb6e0954"
"_work/extracted/docx/media_raw/image21.JPG","missing","repo_missing","","798f9f6382eff437fda7df8ede2d57b278e7a31c"
"_work/extracted/docx/media_raw/image22.JPG","missing","repo_missing","","ecfa93f88891495136dc8a65a4f1cf05e671cb34"
"_work/extracted/docx/media_raw/image23.JPG","missing","repo_missing","","cf601e400d743ef56981b0874236cec2127f4833"
"_work/extracted/docx/media_raw/image24.JPG","missing","repo_missing","","d30ed85d3f5ab5357adfb19775fe6ca6a3f25906"
"_work/extracted/docx/media_raw/image25.jpeg","missing","repo_missing","","eed80dfd7d6a15a47640a9c0d3d6559ba381c781"
"_work/extracted/docx/media_raw/image26.JPG","missing","repo_missing","","aadc091a090a2f051e4a9ba82d85de0d51f458fa"
"_work/extracted/docx/media_raw/image27.jpeg","missing","repo_missing","","fbd6c33ab5aadf16a55d0dd336a5e117eb9bea7e"
"_work/extracted/docx/media_raw/image28.jpeg","missing","repo_missing","","b76c163529cf8caa56295bcd9d58f5c971e1930b"
"_work/extracted/docx/media_raw/image29.emf","missing","repo_missing","","c5f35667ccdc58087a801c2bd96d89c01a23352e"
"_work/extracted/docx/media_raw/image3.png","missing","repo_missing","","77c220d1a47f091e295d03eef919d76fda238e16"
"_work/extracted/docx/media_raw/image30.emf","missing","repo_missing","","2010b876e983b5ae0515457c6151b94d24e8a02d"
"_work/extracted/docx/media_raw/image31.emf","missing","repo_missing","","bca95749686d344c78cba3a1144b99e46e72b6ee"
"_work/extracted/docx/media_raw/image32.emf","missing","repo_missing","","e94a35a7076614720cc8882f90f47cff9d1239c8"
"_work/extracted/docx/media_raw/image33.emf","missing","repo_missing","","82e37d6df471ec5fab065dfa73edabfb5fadc4fd"
"_work/extracted/docx/media_raw/image34.emf","missing","repo_missing","","bdd1529bb66846f03d67fb0bc573500e2db0f4f9"
"_work/extracted/docx/media_raw/image35.emf","missing","repo_missing","","cb62fa0ae32740f3707b13220ad966fa3c8d7ace"
"_work/extracted/docx/media_raw/image36.emf","missing","repo_missing","","3e42d158a04bee893458b8255fc44d1aab30d956"
"_work/extracted/docx/media_raw/image37.emf","missing","repo_missing","","7bff696c7ae83660edd9fc8b73c676584637f024"
"_work/extracted/docx/media_raw/image38.emf","missing","repo_missing","","b140e76225fe51339b5d353620c3e36fa7b744ee"
"_work/extracted/docx/media_raw/image39.emf","missing","repo_missing","","cce3cca100b99d2a281496d336d8989ce495589d"
"_work/extracted/docx/media_raw/image4.jpg","missing","repo_missing","","a4c6e606efee6db6624ad41c9f704172a5d12479"
"_work/extracted/docx/media_raw/image40.emf","missing","repo_missing","","e9a4b56becfccad0dc4a66f05500d9c39aab0d85"
"_work/extracted/docx/media_raw/image41.emf","missing","repo_missing","","633045c5f2d0050abad791b51b5033dbd88b2d55"
"_work/extracted/docx/media_raw/image42.emf","missing","repo_missing","","d698553acb5fa74656d6ef17aefcce37dda71a47"
"_work/extracted/docx/media_raw/image43.emf","missing","repo_missing","","3db7aab53b753d967896c7cf2dc14b0ab4584321"
"_work/extracted/docx/media_raw/image44.emf","missing","repo_missing","","0f4ac03a4748c64b3fda3ccec4d37647d88e74de"
"_work/extracted/docx/media_raw/image45.emf","missing","repo_missing","","2d826f2b505883231248fa2b73bb581937157169"
"_work/extracted/docx/media_raw/image46.emf","missing","repo_missing","","a0802ca4165014b035a76beacd7c448feb3dc0b0"
"_work/extracted/docx/media_raw/image47.emf","missing","repo_missing","","e6213053bcb5b1f40f82e81ba88d7f0535cbf34d"
"_work/extracted/docx/media_raw/image48.emf","missing","repo_missing","","813430556a14287a932b3a3bea656ffe32054c8e"
"_work/extracted/docx/media_raw/image49.emf","missing","repo_missing","","cac4c1c4a5319d5f17cdb18a8f3b45cd2c342b9f"
"_work/extracted/docx/media_raw/image5.jpg","missing","repo_missing","","cfc48efefebf77bfc50f75c1a6ab11d8ddcc2674"
"_work/extracted/docx/media_raw/image50.emf","missing","repo_missing","","237e97def458ebdbfe87f25803a541d387fc86d1"
"_work/extracted/docx/media_raw/image51.emf","missing","repo_missing","","b518d03692d90654842fbe34e27c48203220ac8e"
"_work/extracted/docx/media_raw/image52.emf","missing","repo_missing","","67f30c64652432f34aa645e6cd0dd1a822017835"
"_work/extracted/docx/media_raw/image53.emf","missing","repo_missing","","ae9e01767931365c3f5198c32d961c67fc71cfe9"
"_work/extracted/docx/media_raw/image54.emf","missing","repo_missing","","a117443159b48dbe32ecab9145d2f7c5620100f5"
"_work/extracted/docx/media_raw/image55.emf","missing","repo_missing","","5af793965bc30e9087350bcab67e6f584c5efbb2"
"_work/extracted/docx/media_raw/image56.emf","missing","repo_missing","","2799ce7b944202ea0df92f7a0f61ab875293fc54"
"_work/extracted/docx/media_raw/image57.emf","missing","repo_missing","","9c0075eaaeac60d7e2b25d87baa57ea6faed142d"
"_work/extracted/docx/media_raw/image58.JPG","missing","repo_missing","","019a7b8579ee2f7ab491eb57ec1ddc87fcf287a7"
"_work/extracted/docx/media_raw/image59.emf","missing","repo_missing","","8b14dad539b48c41785612aeee7ecda588fbc3dd"
"_work/extracted/docx/media_raw/image6.jpeg","missing","repo_missing","","8fed18501751ade5fcaf97cf6157afa448219b16"
"_work/extracted/docx/media_raw/image60.emf","missing","repo_missing","","5905c73a4f75f010614e9929fe70bcd6b4cd2c04"
"_work/extracted/docx/media_raw/image61.JPG","missing","repo_missing","","547315971c0f8417b8fa19eabf1fc49b73281d45"
"_work/extracted/docx/media_raw/image62.JPG","missing","repo_missing","","1e7e0dd0bffd8ba3fd6d5692ce0c19b2ff7568fd"
"_work/extracted/docx/media_raw/image63.emf","missing","repo_missing","","ce1c0f95165437b7b56a9e98a97285d2e46f8359"
"_work/extracted/docx/media_raw/image64.emf","missing","repo_missing","","b4f08574c2590e6650c2eef3f303c7c11737d830"
"_work/extracted/docx/media_raw/image65.emf","missing","repo_missing","","7b133d082590732ee07476c84a1b7d5e24c6821f"
"_work/extracted/docx/media_raw/image66.emf","missing","repo_missing","","d471c9823a935cc7579eae62b99334fc43525d49"
"_work/extracted/docx/media_raw/image67.emf","missing","repo_missing","","002c22e7e84702ee5fee4466e75b45652d818003"
"_work/extracted/docx/media_raw/image68.JPG","missing","repo_missing","","8ff1fd33ec4cac0a6901e1c8f44df908de0a6b76"
"_work/extracted/docx/media_raw/image69.emf","missing","repo_missing","","0aafc93edef0d72809c413e58f04752a49a197bc"
"_work/extracted/docx/media_raw/image7.jpeg","missing","repo_missing","","e2996d0f0f8e6a4e719578b62877721755f08fbe"
"_work/extracted/docx/media_raw/image70.JPG","missing","repo_missing","","6afa8a1b2e11f57607a439d91aed74d8d751ae07"
"_work/extracted/docx/media_raw/image71.JPG","missing","repo_missing","","44967c49fbe16317d4b0859367c6b65493d7334e"
"_work/extracted/docx/media_raw/image72.JPG","missing","repo_missing","","6fc3b871a4d9fc9e9e427cf666ea9b12ef8bc856"
"_work/extracted/docx/media_raw/image73.emf","missing","repo_missing","","ff1b2694e3deb382de0bf8668bcc3f9fd832b169"
"_work/extracted/docx/media_raw/image74.emf","missing","repo_missing","","3c7dbde650a1d207e0a3a883ef659bc25322c80a"
"_work/extracted/docx/media_raw/image75.emf","missing","repo_missing","","88fb2e1a1f7a21ff002f42ba77e3a6ae800f2cac"
"_work/extracted/docx/media_raw/image76.emf","missing","repo_missing","","0a46767ab3ceb20d9fabbfe119e38aa11e41c8bb"
"_work/extracted/docx/media_raw/image77.emf","missing","repo_missing","","46f0b7a5103c82e1a758fab0751177b0f2046c2a"
"_work/extracted/docx/media_raw/image78.emf","missing","repo_missing","","7461caf20e3e61b848b3ea372f223c03f901f948"
"_work/extracted/docx/media_raw/image79.emf","missing","repo_missing","","c05878e0d4db1cfb2780616f4dbfd4f4bed4deb1"
"_work/extracted/docx/media_raw/image8.jpeg","missing","repo_missing","","d3aa203051293d8b6e11035d82b95dc7ffcd5a00"
"_work/extracted/docx/media_raw/image80.JPG","missing","repo_missing","","13deb43f8ca397b03776f60194b6d7ae110e3c6a"
"_work/extracted/docx/media_raw/image9.jpg","missing","repo_missing","","af79b934b026d297ebf5ba19e290ac63d6c72dc2"
"_work/extracted/docx/transcript_raw.txt","missing","repo_missing","","35fe8e9179522fcaf50c33e1d5cf825dde48d5bc"
"_work/legacy/scripts/build_markdown.py","missing","repo_missing","","40dc7ca91971a0660f337a463ffd8fe1426c94c1"
"_work/legacy/scripts/extract_docx_assets.py","missing","repo_missing","","6b0d5ee4c23cc24fd1f7777f36ed5c449e69ee6c"
"_work/legacy/scripts/extract_pdf_assets.py","missing","repo_missing","","9717ec437fa4a7cf6db92456f56996a3bae2368c"
"_work/legacy/scripts/optimize_images.py","missing","repo_missing","","66f690772ef1c61b2b712ffa258702e615fb34f5"
"_work/logs/asset_extraction_summary.md","missing","repo_missing","","4684a532e8085e6483f5644082430bf82774de02"
"_work/logs/build_manifest.json","missing","repo_missing","","ecebfda55709eee8c4417f5eb3e73dd7844026fa"
"_work/logs/build_transcript.json","missing","repo_missing","","e2db7fc339b56836c4f0fb5592f7b3cbf69a4b70"
"_work/logs/content_population_summary.md","missing","repo_missing","","20d8c9370e6a0c8227585cd75a85bc5f01aac79c"
"_work/logs/copyright_boundary_summary.md","missing","repo_missing","","1a257763975ac46f6450069f8972c495f672d5fd"
"_work/logs/export_docx_to_pdf.json","missing","repo_missing","","b7f0f6ecad6378dc06f4c7d373683bc974cb71b4"
"_work/logs/export_pdf_pages.json","missing","repo_missing","","d18898930c0f44cea6aac2db7eff1236083c82bd"
"_work/logs/extract_docx_media.json","missing","repo_missing","","4a97cbbc0d447f6444c86bb05e56d11135df2115"
"_work/logs/transcript_search_summary.md","missing","repo_missing","","fd5a03b57b60df0946cd6f990a93bc17dee59a46"
"_work/logs/verify_viewer.mjs","missing","repo_missing","","1e9f2db9987e59b44ef5e1a865740fab0f8af00e"
"Chase - A history of research in service operations  What s the big idea.pdf","missing","repo_missing","","9ee126c1a874630888167f733de4148c8dd0d8b4"
"Cross-training policies in field services.pdf","missing","repo_missing","","030aef283dd9a7b8c51132bc99f8474c46d95280"
"EK-10_Siemens_Staj_Makale_Analizleri.docx","missing","repo_missing","","1ae158fc835fdc0bc11050d6c0990f601ace0e69"
"reports/context.json","missing","repo_missing","","ed71a862b1644701b9a11d1431512c9e1066f342"
"scripts/compare_repo_vs_local.ps1","missing","repo_missing","","af133c2771c16fba7576a35b964584316d9517b6"
"work/audit_and_scaffold_target_repo.ps1","missing","repo_missing","","92a063d97debe6b7518088da6a6d2a3b11bc4ab5"
"work/backups/gitignore.before_codex.txt","missing","repo_missing","","274317f6fa8e90ab37776234116a30fbd9d26e2b"
"work/backups/publication_notes.before_codex.md","missing","repo_missing","","db989943af7b0fcfea7799b90bceb63bb7e6bb5e"
"work/backups/README.before_codex.md","missing","repo_missing","","1c2d164962cad6b670635a427a55c534523d284b"
"work/commit_public_repo.py","missing","repo_missing","","288024dd0104b7577a29d5522618bc13d1cc131b"
"work/convert_docx_raw_with_pandoc.ps1","missing","repo_missing","","187dff7b2208f5f59323f7b06e7f1f39722e02c7"
"work/docx-image-sheets/sheet-1.jpg","missing","repo_missing","","2c476508a1301e7c32cf90709c1b76271b946b23"
"work/docx-image-sheets/sheet-2.jpg","missing","repo_missing","","e1f219365171aa9f634f08323a5c33fc5ae7dfb6"
"work/extracted/docx/full_text.txt","missing","repo_missing","","f535fb390f8624a92b159d548c551cfad58b8aee"
"work/extracted/docx/media_raw/image1.png","missing","repo_missing","","7f979e2feea477f9ae0dc621c2e9de343ca05c34"
"work/extracted/docx/media_raw/image10.jpeg","missing","repo_missing","","3f8e3a0fbfa4e5390c0b28fd02ce1eef0d247a55"
"work/extracted/docx/media_raw/image11.jpg","missing","repo_missing","","b8e4026b592915074ddd7b67223a9f64c9505e9b"
"work/extracted/docx/media_raw/image12.JPG","missing","repo_missing","","8226631cbe0d176cf94d0b6c5999c4169fd704af"
"work/extracted/docx/media_raw/image13.JPG","missing","repo_missing","","16e9f4bc0e80f61224600a3645202e7a1d56f2ca"
"work/extracted/docx/media_raw/image14.JPG","missing","repo_missing","","c78886ece42c060b503595a893db8394f08faf80"
"work/extracted/docx/media_raw/image15.JPG","missing","repo_missing","","ec3d7bbd21c417db53ecf601b9d87c18183db15b"
"work/extracted/docx/media_raw/image16.JPG","missing","repo_missing","","fe1d4b26dd44ea146e3d79bf726db80ed0a73562"
"work/extracted/docx/media_raw/image17.JPG","missing","repo_missing","","eae7d47875cc330b5ac7e34a8464479ecb3b1d39"
"work/extracted/docx/media_raw/image18.JPG","missing","repo_missing","","c570f4b0103d1ff42bf5f97b3a4992403d011381"
"work/extracted/docx/media_raw/image19.JPG","missing","repo_missing","","084e71a60524bdec151f27c124df1f1053b7442a"
"work/extracted/docx/media_raw/image2.svg","missing","repo_missing","","0f9d1843b09bdb09d70d3408e0c63b7abfc80a24"
"work/extracted/docx/media_raw/image20.JPG","missing","repo_missing","","a26f0e5a768dbd81e2d669114b0fa610eb6e0954"
"work/extracted/docx/media_raw/image21.JPG","missing","repo_missing","","798f9f6382eff437fda7df8ede2d57b278e7a31c"
"work/extracted/docx/media_raw/image22.JPG","missing","repo_missing","","ecfa93f88891495136dc8a65a4f1cf05e671cb34"
"work/extracted/docx/media_raw/image23.JPG","missing","repo_missing","","cf601e400d743ef56981b0874236cec2127f4833"
"work/extracted/docx/media_raw/image24.JPG","missing","repo_missing","","d30ed85d3f5ab5357adfb19775fe6ca6a3f25906"
"work/extracted/docx/media_raw/image25.jpeg","missing","repo_missing","","eed80dfd7d6a15a47640a9c0d3d6559ba381c781"
"work/extracted/docx/media_raw/image26.JPG","missing","repo_missing","","aadc091a090a2f051e4a9ba82d85de0d51f458fa"
"work/extracted/docx/media_raw/image27.jpeg","missing","repo_missing","","fbd6c33ab5aadf16a55d0dd336a5e117eb9bea7e"
"work/extracted/docx/media_raw/image28.jpeg","missing","repo_missing","","b76c163529cf8caa56295bcd9d58f5c971e1930b"
"work/extracted/docx/media_raw/image29.emf","missing","repo_missing","","c5f35667ccdc58087a801c2bd96d89c01a23352e"
"work/extracted/docx/media_raw/image3.png","missing","repo_missing","","77c220d1a47f091e295d03eef919d76fda238e16"
"work/extracted/docx/media_raw/image30.emf","missing","repo_missing","","2010b876e983b5ae0515457c6151b94d24e8a02d"
"work/extracted/docx/media_raw/image31.emf","missing","repo_missing","","bca95749686d344c78cba3a1144b99e46e72b6ee"
"work/extracted/docx/media_raw/image32.emf","missing","repo_missing","","e94a35a7076614720cc8882f90f47cff9d1239c8"
"work/extracted/docx/media_raw/image33.emf","missing","repo_missing","","82e37d6df471ec5fab065dfa73edabfb5fadc4fd"
"work/extracted/docx/media_raw/image34.emf","missing","repo_missing","","bdd1529bb66846f03d67fb0bc573500e2db0f4f9"
"work/extracted/docx/media_raw/image35.emf","missing","repo_missing","","cb62fa0ae32740f3707b13220ad966fa3c8d7ace"
"work/extracted/docx/media_raw/image36.emf","missing","repo_missing","","3e42d158a04bee893458b8255fc44d1aab30d956"
"work/extracted/docx/media_raw/image37.emf","missing","repo_missing","","7bff696c7ae83660edd9fc8b73c676584637f024"
"work/extracted/docx/media_raw/image38.emf","missing","repo_missing","","b140e76225fe51339b5d353620c3e36fa7b744ee"
"work/extracted/docx/media_raw/image39.emf","missing","repo_missing","","cce3cca100b99d2a281496d336d8989ce495589d"
"work/extracted/docx/media_raw/image4.jpg","missing","repo_missing","","a4c6e606efee6db6624ad41c9f704172a5d12479"
"work/extracted/docx/media_raw/image40.emf","missing","repo_missing","","e9a4b56becfccad0dc4a66f05500d9c39aab0d85"
"work/extracted/docx/media_raw/image41.emf","missing","repo_missing","","633045c5f2d0050abad791b51b5033dbd88b2d55"
"work/extracted/docx/media_raw/image42.emf","missing","repo_missing","","d698553acb5fa74656d6ef17aefcce37dda71a47"
"work/extracted/docx/media_raw/image43.emf","missing","repo_missing","","3db7aab53b753d967896c7cf2dc14b0ab4584321"
"work/extracted/docx/media_raw/image44.emf","missing","repo_missing","","0f4ac03a4748c64b3fda3ccec4d37647d88e74de"
"work/extracted/docx/media_raw/image45.emf","missing","repo_missing","","2d826f2b505883231248fa2b73bb581937157169"
"work/extracted/docx/media_raw/image46.emf","missing","repo_missing","","a0802ca4165014b035a76beacd7c448feb3dc0b0"
"work/extracted/docx/media_raw/image47.emf","missing","repo_missing","","e6213053bcb5b1f40f82e81ba88d7f0535cbf34d"
"work/extracted/docx/media_raw/image48.emf","missing","repo_missing","","813430556a14287a932b3a3bea656ffe32054c8e"
"work/extracted/docx/media_raw/image49.emf","missing","repo_missing","","cac4c1c4a5319d5f17cdb18a8f3b45cd2c342b9f"
"work/extracted/docx/media_raw/image5.jpg","missing","repo_missing","","cfc48efefebf77bfc50f75c1a6ab11d8ddcc2674"
"work/extracted/docx/media_raw/image50.emf","missing","repo_missing","","237e97def458ebdbfe87f25803a541d387fc86d1"
"work/extracted/docx/media_raw/image51.emf","missing","repo_missing","","b518d03692d90654842fbe34e27c48203220ac8e"
"work/extracted/docx/media_raw/image52.emf","missing","repo_missing","","67f30c64652432f34aa645e6cd0dd1a822017835"
"work/extracted/docx/media_raw/image53.emf","missing","repo_missing","","ae9e01767931365c3f5198c32d961c67fc71cfe9"
"work/extracted/docx/media_raw/image54.emf","missing","repo_missing","","a117443159b48dbe32ecab9145d2f7c5620100f5"
"work/extracted/docx/media_raw/image55.emf","missing","repo_missing","","5af793965bc30e9087350bcab67e6f584c5efbb2"
"work/extracted/docx/media_raw/image56.emf","missing","repo_missing","","2799ce7b944202ea0df92f7a0f61ab875293fc54"
"work/extracted/docx/media_raw/image57.emf","missing","repo_missing","","9c0075eaaeac60d7e2b25d87baa57ea6faed142d"
"work/extracted/docx/media_raw/image58.JPG","missing","repo_missing","","019a7b8579ee2f7ab491eb57ec1ddc87fcf287a7"
"work/extracted/docx/media_raw/image59.emf","missing","repo_missing","","8b14dad539b48c41785612aeee7ecda588fbc3dd"
"work/extracted/docx/media_raw/image6.jpeg","missing","repo_missing","","8fed18501751ade5fcaf97cf6157afa448219b16"
"work/extracted/docx/media_raw/image60.emf","missing","repo_missing","","5905c73a4f75f010614e9929fe70bcd6b4cd2c04"
"work/extracted/docx/media_raw/image61.JPG","missing","repo_missing","","547315971c0f8417b8fa19eabf1fc49b73281d45"
"work/extracted/docx/media_raw/image62.JPG","missing","repo_missing","","1e7e0dd0bffd8ba3fd6d5692ce0c19b2ff7568fd"
"work/extracted/docx/media_raw/image63.emf","missing","repo_missing","","ce1c0f95165437b7b56a9e98a97285d2e46f8359"
"work/extracted/docx/media_raw/image64.emf","missing","repo_missing","","b4f08574c2590e6650c2eef3f303c7c11737d830"
"work/extracted/docx/media_raw/image65.emf","missing","repo_missing","","7b133d082590732ee07476c84a1b7d5e24c6821f"
"work/extracted/docx/media_raw/image66.emf","missing","repo_missing","","d471c9823a935cc7579eae62b99334fc43525d49"
"work/extracted/docx/media_raw/image67.emf","missing","repo_missing","","002c22e7e84702ee5fee4466e75b45652d818003"
"work/extracted/docx/media_raw/image68.JPG","missing","repo_missing","","8ff1fd33ec4cac0a6901e1c8f44df908de0a6b76"
"work/extracted/docx/media_raw/image69.emf","missing","repo_missing","","0aafc93edef0d72809c413e58f04752a49a197bc"
"work/extracted/docx/media_raw/image7.jpeg","missing","repo_missing","","e2996d0f0f8e6a4e719578b62877721755f08fbe"
"work/extracted/docx/media_raw/image70.JPG","missing","repo_missing","","6afa8a1b2e11f57607a439d91aed74d8d751ae07"
"work/extracted/docx/media_raw/image71.JPG","missing","repo_missing","","44967c49fbe16317d4b0859367c6b65493d7334e"
"work/extracted/docx/media_raw/image72.JPG","missing","repo_missing","","6fc3b871a4d9fc9e9e427cf666ea9b12ef8bc856"
"work/extracted/docx/media_raw/image73.emf","missing","repo_missing","","ff1b2694e3deb382de0bf8668bcc3f9fd832b169"
"work/extracted/docx/media_raw/image74.emf","missing","repo_missing","","3c7dbde650a1d207e0a3a883ef659bc25322c80a"
"work/extracted/docx/media_raw/image75.emf","missing","repo_missing","","88fb2e1a1f7a21ff002f42ba77e3a6ae800f2cac"
"work/extracted/docx/media_raw/image76.emf","missing","repo_missing","","0a46767ab3ceb20d9fabbfe119e38aa11e41c8bb"
"work/extracted/docx/media_raw/image77.emf","missing","repo_missing","","46f0b7a5103c82e1a758fab0751177b0f2046c2a"
"work/extracted/docx/media_raw/image78.emf","missing","repo_missing","","7461caf20e3e61b848b3ea372f223c03f901f948"
"work/extracted/docx/media_raw/image79.emf","missing","repo_missing","","c05878e0d4db1cfb2780616f4dbfd4f4bed4deb1"
"work/extracted/docx/media_raw/image8.jpeg","missing","repo_missing","","d3aa203051293d8b6e11035d82b95dc7ffcd5a00"
"work/extracted/docx/media_raw/image80.JPG","missing","repo_missing","","13deb43f8ca397b03776f60194b6d7ae110e3c6a"
"work/extracted/docx/media_raw/image9.jpg","missing","repo_missing","","af79b934b026d297ebf5ba19e290ac63d6c72dc2"
"work/extracted/docx/outline.md","missing","repo_missing","","09336fcf280bee2a5676380da75d4abf1e8565e0"
"work/extracted/docx/section_candidates.json","missing","repo_missing","","8012aa1f8f8cc24427945104325d6064371e1131"
"work/extracted/pdfs/chase/extraction_errors.md","missing","repo_missing","","aed621abbe5ece04fc9b7f1fed3a0aedac155dae"
"work/extracted/pdfs/chase/full_text.txt","missing","repo_missing","","758f8acd516feaab20242999606b30e84127ddf5"
"work/extracted/pdfs/chase/headings_captions_tables.json","missing","repo_missing","","575c3d4c07c3f131f41aad26722deae1732b2f1f"
"work/extracted/pdfs/chase/image_manifest.csv","missing","repo_missing","","8b3d156864b7163d14b00704ef77ca027614b194"
"work/extracted/pdfs/chase/images_raw/page_001_image_01_xref_221.png","missing","repo_missing","","9266e52d7522c1b9f5c913fb18b7217a6ffe2cb2"
"work/extracted/pdfs/chase/images_raw/page_001_image_02_xref_222.png","missing","repo_missing","","47881942bf964660f82c5d95296a0a7a23118e2c"
"work/extracted/pdfs/chase/images_raw/page_001_image_03_xref_223.jpeg","missing","repo_missing","","ce5002e1adfd93392d2e50604d17cd368dc97440"
"work/extracted/pdfs/chase/key_ideas.md","missing","repo_missing","","30b4312d2b726dd367c82beb7e865eb8308fd588"
"work/extracted/pdfs/chase/metadata.json","missing","repo_missing","","3bd553c7008911511c8ca0711bb4d7a5814e1b5e"
"work/extracted/pdfs/chase/pages/page_001.txt","missing","repo_missing","","04e00d700c9e0dc31fcf256cf374047d9490fe6b"
"work/extracted/pdfs/chase/pages/page_002.txt","missing","repo_missing","","f92106f5ba96beb0efdba23e73edf93cfed71e5c"
"work/extracted/pdfs/chase/pages/page_003.txt","missing","repo_missing","","f47335817472aed07b5cf42e176ab8c00fecf029"
"work/extracted/pdfs/chase/pages/page_004.txt","missing","repo_missing","","998fdfc90370f6c494212dfa41f2fbe4c371ef4e"
"work/extracted/pdfs/chase/pages/page_005.txt","missing","repo_missing","","54c3fad8b92ceb34120972512ea733d55fd07a3f"
"work/extracted/pdfs/chase/pages/page_006.txt","missing","repo_missing","","c61df10a7de6e53a02eaa6d05e48678e4b18090e"
"work/extracted/pdfs/chase/pages/page_007.txt","missing","repo_missing","","93f9f0706e3d8c8a8569ca76e06ff0bc6f80bdce"
"work/extracted/pdfs/chase/pages/page_008.txt","missing","repo_missing","","201bd465dd28da55a201c7a5e0365b7e8b03496a"
"work/extracted/pdfs/chase/pages/page_009.txt","missing","repo_missing","","50d52b3f6b4f9c28074fb561efdc91992468cb92"
"work/extracted/pdfs/chase/pages/page_010.txt","missing","repo_missing","","f3dca538980bea2ed99a8a70aae6e2c59f695ee5"
"work/extracted/pdfs/chase/pages/page_011.txt","missing","repo_missing","","29bcd8bb321eb57c2c4b9c471b34698190910f94"
"work/extracted/pdfs/chase/pages/page_012.txt","missing","repo_missing","","2d7216802eac5683f0a44340ef96985d81f9d7ff"
"work/extracted/pdfs/chase/rendered_pages/page_001.png","missing","repo_missing","","295cc5899584b2dae6d3b9d4e517dfea6b27cdde"
"work/extracted/pdfs/chase/rendered_pages/page_002.png","missing","repo_missing","","48ec7def587140cc2e8e12bb3f836c1f348ea9af"
"work/extracted/pdfs/chase/rendered_pages_manifest.csv","missing","repo_missing","","16119f73d2dedf3cb43e12e43b3eec735ccbffbe"
"work/extracted/pdfs/chase/table_candidates.csv","missing","repo_missing","","8b26ec4500f65bc3d62c4b0c5deef68761decd6d"
"work/extracted/pdfs/cross_training/extraction_errors.md","missing","repo_missing","","aed621abbe5ece04fc9b7f1fed3a0aedac155dae"
"work/extracted/pdfs/cross_training/full_text.txt","missing","repo_missing","","13c3157cdebdfacb602e33d8ff544c932e75671f"
"work/extracted/pdfs/cross_training/headings_captions_tables.json","missing","repo_missing","","a389fd09041b00760da4920323164c138ba6e520"
"work/extracted/pdfs/cross_training/image_manifest.csv","missing","repo_missing","","bb96c5e02a6105b054d495825b13270ca1384cbf"
"work/extracted/pdfs/cross_training/images_raw/page_001_image_01_xref_445.jpeg","missing","repo_missing","","d740f5bf282fd27db195d81fa5e71c60198085bb"
"work/extracted/pdfs/cross_training/images_raw/page_001_image_02_xref_446.jpeg","missing","repo_missing","","49869250d03bb985e4d0c2d3a3a34789a7fe77d7"
"work/extracted/pdfs/cross_training/images_raw/page_006_image_01_xref_74.png","missing","repo_missing","","7defc7e63de9c266b280c22d12f217dd082ec8ff"
"work/extracted/pdfs/cross_training/images_raw/page_006_image_02_xref_75.png","missing","repo_missing","","27e0aec42f7133406dadf4aefd931b66f572cb2e"
"work/extracted/pdfs/cross_training/images_raw/page_006_image_03_xref_76.png","missing","repo_missing","","348b4ff7f6d830d240ddbf50ec1c6b3dd1025c55"
"work/extracted/pdfs/cross_training/images_raw/page_006_image_04_xref_77.jpeg","missing","repo_missing","","5f8a779332b3fec5b745afa979973b3dcfd52f61"
"work/extracted/pdfs/cross_training/images_raw/page_007_image_01_xref_92.png","missing","repo_missing","","e8255abe0a1025eeae53165bfe6c28aaf87ecbaf"
"work/extracted/pdfs/cross_training/images_raw/page_007_image_02_xref_93.png","missing","repo_missing","","5f64594f3d2bacb69b2d3db9e9af95671590570f"
"work/extracted/pdfs/cross_training/images_raw/page_007_image_03_xref_94.jpeg","missing","repo_missing","","f471ea13acfccd6c01d644fd16e8e19bf75823dd"
"work/extracted/pdfs/cross_training/images_raw/page_007_image_04_xref_95.jpeg","missing","repo_missing","","c221fbe8683dd53e37847c98a07b6e5698586bfb"
"work/extracted/pdfs/cross_training/images_raw/page_007_image_05_xref_96.png","missing","repo_missing","","24c466162e5b691e92528e548f674549930e2db0"
"work/extracted/pdfs/cross_training/images_raw/page_007_image_06_xref_97.jpeg","missing","repo_missing","","2a99772ceb4674fee7f569033d9a6de6d1a2eabb"
"work/extracted/pdfs/cross_training/images_raw/page_007_image_07_xref_98.png","missing","repo_missing","","47c7c418b6a8f463c48bd6f87cee32daae111f42"
"work/extracted/pdfs/cross_training/images_raw/page_007_image_08_xref_99.png","missing","repo_missing","","68d166f4a7d1e58a356246ccbc2effaba2313a95"
"work/extracted/pdfs/cross_training/images_raw/page_008_image_01_xref_122.jpeg","missing","repo_missing","","5167aa18d4bc831dbdf17b33af96ab7faff240ca"
"work/extracted/pdfs/cross_training/images_raw/page_008_image_02_xref_123.png","missing","repo_missing","","e4bc8cd3889f52c42c6561c492493ecce0efb877"
"work/extracted/pdfs/cross_training/images_raw/page_008_image_03_xref_124.png","missing","repo_missing","","eb5eb0104f849bd382566c51059aaebf6d9cf88c"
"work/extracted/pdfs/cross_training/images_raw/page_011_image_01_xref_157.jpeg","missing","repo_missing","","93d99cd08a8e955f25cdfb6c51ebabf5e3fb48db"
"work/extracted/pdfs/cross_training/images_raw/page_011_image_02_xref_158.jpeg","missing","repo_missing","","8a3c8ac0488cabb7cbff9fe874ad634136097a59"
"work/extracted/pdfs/cross_training/images_raw/page_011_image_03_xref_159.png","missing","repo_missing","","4225f1b3354563367205b5e0b2f41ac241463a7a"
"work/extracted/pdfs/cross_training/images_raw/page_011_image_04_xref_160.png","missing","repo_missing","","46a37f6b7e1cb8cdd857ab7be7451445429b9062"
"work/extracted/pdfs/cross_training/images_raw/page_011_image_05_xref_161.jpeg","missing","repo_missing","","4133cd69395bac47c76a63644dee4fec3558b03f"
"work/extracted/pdfs/cross_training/images_raw/page_011_image_06_xref_162.jpeg","missing","repo_missing","","42b34f51e3ad3087258684ea83a138e8af1012d8"
"work/extracted/pdfs/cross_training/images_raw/page_011_image_07_xref_163.png","missing","repo_missing","","29d16c38c6b01827e598d8391ba3af1adf31f8bc"
"work/extracted/pdfs/cross_training/images_raw/page_011_image_08_xref_164.png","missing","repo_missing","","f464f989724ed9c8251961b46aaf524a9a0b1d78"
"work/extracted/pdfs/cross_training/metadata.json","missing","repo_missing","","2acd20097401e5d04002e05d01f5cdba9f6f4627"
"work/extracted/pdfs/cross_training/model_summary.md","missing","repo_missing","","259b2292958f59567baeb193fa02d59d81f9c589"
"work/extracted/pdfs/cross_training/pages/page_001.txt","missing","repo_missing","","0c7379829da5bf3967b878d1643880fa0f93f601"
"work/extracted/pdfs/cross_training/pages/page_002.txt","missing","repo_missing","","a3be556bdd9040d4aff395e1f11c33ca411a5588"
"work/extracted/pdfs/cross_training/pages/page_003.txt","missing","repo_missing","","58be8cdca88b529018f415a229e9073554c72055"
"work/extracted/pdfs/cross_training/pages/page_004.txt","missing","repo_missing","","df33e2bb74c1ce4399587ac7a91c6b999cc42aee"
"work/extracted/pdfs/cross_training/pages/page_005.txt","missing","repo_missing","","23154ebbcf6f0cd0707c650c536e7fb01cce2be2"
"work/extracted/pdfs/cross_training/pages/page_006.txt","missing","repo_missing","","6bb9d0d09cd0f470feb767fcc7c3e6208df8f50e"
"work/extracted/pdfs/cross_training/pages/page_007.txt","missing","repo_missing","","8f2674d31acf1df9d2b95c099264e4c5387887db"
"work/extracted/pdfs/cross_training/pages/page_008.txt","missing","repo_missing","","e679f0bca56e1ff57f752231b4f11f915ba3a434"
"work/extracted/pdfs/cross_training/pages/page_009.txt","missing","repo_missing","","064ced8ad448c62e55c5ca6d5d6e09ee236b179c"
"work/extracted/pdfs/cross_training/pages/page_010.txt","missing","repo_missing","","00e3c876510b906fc20f594350f3f966c725afcd"
"work/extracted/pdfs/cross_training/pages/page_011.txt","missing","repo_missing","","ae2bddd700acd94d9baf550ab57aa97e3afe9273"
"work/extracted/pdfs/cross_training/pages/page_012.txt","missing","repo_missing","","5b9ad6ea4fe9ddd15bf300850becde40f7bc38dd"
"work/extracted/pdfs/cross_training/pages/page_013.txt","missing","repo_missing","","4d6f1805693a11e370d2e42f34ff23b4a98cd577"
"work/extracted/pdfs/cross_training/rendered_pages/page_001.png","missing","repo_missing","","ad2c993f73fe123d4817725264ad8beb8a17e06a"
"work/extracted/pdfs/cross_training/rendered_pages/page_005.png","missing","repo_missing","","7a23ee8885bcf748e9ac067e84e67605b2f9ce55"
"work/extracted/pdfs/cross_training/rendered_pages/page_006.png","missing","repo_missing","","868f50dd0fc62f11b3bb10778564db59d98b998f"
"work/extracted/pdfs/cross_training/rendered_pages/page_007.png","missing","repo_missing","","ef25a8d22ce5b8e3d3f1c21fd068a91477502c25"
"work/extracted/pdfs/cross_training/rendered_pages/page_008.png","missing","repo_missing","","4f0aa8dcc407f2b6e1950aeff7cc596c22e6531f"
"work/extracted/pdfs/cross_training/rendered_pages/page_009.png","missing","repo_missing","","9b64cf0d7e5a03f163905ea8e21009ce70a0ce67"
"work/extracted/pdfs/cross_training/rendered_pages/page_011.png","missing","repo_missing","","bdeec42ffdbaf3aa21c24bf9983dfb383b3263d8"
"work/extracted/pdfs/cross_training/rendered_pages_manifest.csv","missing","repo_missing","","932b3e9cebf028235b7a5798902013a795583dfa"
"work/extracted/pdfs/cross_training/results_summary.md","missing","repo_missing","","1a3417876533379eba9970b85fbe26ca9d804b88"
"work/extracted/pdfs/cross_training/table_candidates.csv","missing","repo_missing","","8b26ec4500f65bc3d62c4b0c5deef68761decd6d"
"work/final_editorial_pass.py","missing","repo_missing","","579f4b419165ffc2387489f9e02d6ef1dfa9461b"
"work/fix_raw_markdown_todo.py","missing","repo_missing","","0c9e6cb8e8d27aebddde8f7627d3ae6feeac5122"
"work/fix_target_repo_audit.ps1","missing","repo_missing","","0dfcbc52f98d6409c8f05e4b5994168696066bd0"
"work/generate_public_safe_figures.py","missing","repo_missing","","38d91a8fd01e550d27e9cb6e8f9212dcd3e4dab4"
"work/logs/article_analysis_validation.md","missing","repo_missing","","79112d1ce54d3e3f05cea5493dcb6e8fcad9168a"
"work/logs/copyright_notes.md","missing","repo_missing","","7e8c2b1ba7b7698f922dd9ee1d9abc5f8e2483f4"
"work/logs/docx_extraction_errors.md","missing","repo_missing","","56883126450a57b9f4053305a14a613e63b49bcf"
"work/logs/environment_audit.md","missing","repo_missing","","9ae58bd581183495b4d6fc77d20ad3dfbfbf75d3"
"work/logs/image_conversion_skipped.md","missing","repo_missing","","4b4222b06215dbed255c09fcee60c5be6bfac47d"
"work/logs/pr_creation_error.md","missing","repo_missing","","aa3bc8cc4ea633077c8fff73726ef238f8daa7d0"
"work/logs/publishability_decisions.md","missing","repo_missing","","a46658a7562d7a95e4dbb318e230188dd01394ea"
"work/logs/readme_validation.md","missing","repo_missing","","d9867f2f6cc2984e65c922e5549fa8a874939660"
"work/logs/source_path_resolution.md","missing","repo_missing","","80d6d3824bef44b4ac52032c1ab29f6a0153aee0"
"work/logs/validation_report.md","missing","repo_missing","","a125231fb22c96a62e6eb04972ac61c446bec76f"
"work/make_docx_image_contact_sheets.py","missing","repo_missing","","4dc7fbc68ad2f2bf83af5418d0212545314b83cb"
"work/manifests/docx_media_manifest.csv","missing","repo_missing","","1dc134a452c0b985b89b6b4211a04916e6a19fd7"
"work/manifests/docx_publishability_initial.csv","missing","repo_missing","","67e2a3ba65f693d568c64733421f542565004f75"
"work/manifests/image_pipeline_manifest.csv","missing","repo_missing","","9ce6ae41740095866873cca1d7838afafbe0d2a6"
"work/manifests/image_pipeline_summary.json","missing","repo_missing","","bdcd14af012c22de16eb3c241857d16bdef8b6ac"
"work/manifests/pdf_extraction_report.json","missing","repo_missing","","2b4cc24b3c3f4712cff757511d2f76f5db44a58a"
"work/manifests/publication_filter.json","missing","repo_missing","","27e869e5b42e7827e3df7382c1ba561e5c7b7cad"
"work/probe_section_map.py","missing","repo_missing","","7c8adeebd70ba6a5cc374a8d37d861d8a95d6a83"
"work/processed_images/contact_sheets/chase-images.jpg","missing","repo_missing","","50dc225160f7b409a59f11efd873f18407243581"
"work/processed_images/contact_sheets/chase-rendered-pages.jpg","missing","repo_missing","","0570ff4ffc558728ab9746c6b7f9af33bd4151f0"
"work/processed_images/contact_sheets/cross-training-images.jpg","missing","repo_missing","","8378fd805c57a9c226deef7f7c61cf10ed68d2db"
"work/processed_images/contact_sheets/cross-training-rendered-pages.jpg","missing","repo_missing","","cbaab487d1ba32a93a7f3cd23cf3216d8293cb70"
"work/processed_images/contact_sheets/docx.jpg","missing","repo_missing","","4051ac5958179749d9d3bfe107f402d61fa8bcab"
"work/processed_images/private_reference/chase_images/chase-source-image-page-001-image-01-xref-221.webp","missing","repo_missing","","585315274e49141bb67918fee70aed8ff5d5dd2f"
"work/processed_images/private_reference/chase_images/chase-source-image-page-001-image-02-xref-222.webp","missing","repo_missing","","64c0e9799b6f55f2044b3dc8cc7a0d938af654b4"
"work/processed_images/private_reference/chase_images/chase-source-image-page-001-image-03-xref-223.webp","missing","repo_missing","","9ed6f0c3f3c08763df37ccd4031af1d9f3a52790"
"work/processed_images/private_reference/chase_rendered_pages/chase-rendered-page-1.webp","missing","repo_missing","","c2fd38d3bcd4f9d3e6ca94f76e45a00f1739788f"
"work/processed_images/private_reference/chase_rendered_pages/service-operations-history-source-page.webp","missing","repo_missing","","cc418eabb2c506e99ab14270b80f56aba6dda58f"
"work/processed_images/private_reference/cross_training_images/cross-training-source-image-page-001-image-01-xref-445.webp","missing","repo_missing","","3a1257e60d4e9c41104a714b3f1adaeb2420ff44"
"work/processed_images/private_reference/cross_training_images/cross-training-source-image-page-001-image-02-xref-446.webp","missing","repo_missing","","b55b68dd79d80134ec0002780c08a98251e0ba64"
"work/processed_images/private_reference/cross_training_images/cross-training-source-image-page-006-image-01-xref-74.webp","missing","repo_missing","","df75e06090f47cce4830bd9366a64cfa2760e594"
"work/processed_images/private_reference/cross_training_images/cross-training-source-image-page-006-image-02-xref-75.webp","missing","repo_missing","","d4eef95a243b2b8323a287d0ef2cea1f6c1d78e0"
"work/processed_images/private_reference/cross_training_images/cross-training-source-image-page-006-image-03-xref-76.webp","missing","repo_missing","","a54e0e55528a67bbbdf3c427d3425ad30ddb27cd"
"work/processed_images/private_reference/cross_training_images/cross-training-source-image-page-006-image-04-xref-77.webp","missing","repo_missing","","e1aac7eb3506b46811e5c7467ae0ee5bc5c8c284"
"work/processed_images/private_reference/cross_training_images/cross-training-source-image-page-007-image-01-xref-92.webp","missing","repo_missing","","4a479068ab6fc0efef757a95af87bf72e9e1d9c3"
"work/processed_images/private_reference/cross_training_images/cross-training-source-image-page-007-image-02-xref-93.webp","missing","repo_missing","","ccf8bf7f9c78d7f6404ad3696e9405d42058c7e4"
"work/processed_images/private_reference/cross_training_images/cross-training-source-image-page-007-image-03-xref-94.webp","missing","repo_missing","","3e8a484e797f3b26eeb3b5fa8b488e39a6459c5e"
"work/processed_images/private_reference/cross_training_images/cross-training-source-image-page-007-image-04-xref-95.webp","missing","repo_missing","","973db88c6010de1e6cc0c183a373e5a27cfcfc86"
"work/processed_images/private_reference/cross_training_images/cross-training-source-image-page-007-image-05-xref-96.webp","missing","repo_missing","","0464ffe0bd8365a4fbd364ed070e1dc6b71be843"
"work/processed_images/private_reference/cross_training_images/cross-training-source-image-page-007-image-06-xref-97.webp","missing","repo_missing","","569b75638bce291da1fd2ded83a84b0e634f58b8"
"work/processed_images/private_reference/cross_training_images/cross-training-source-image-page-007-image-07-xref-98.webp","missing","repo_missing","","044f8662726a8658ce01142b4860158933f7a069"
"work/processed_images/private_reference/cross_training_images/cross-training-source-image-page-007-image-08-xref-99.webp","missing","repo_missing","","a41328590a83f242a26a8d66a641e533a7b170f4"
"work/processed_images/private_reference/cross_training_images/cross-training-source-image-page-008-image-01-xref-122.webp","missing","repo_missing","","bcc2ad5ff5f1aa2fea119e6e7f58be9af10751c0"
"work/processed_images/private_reference/cross_training_images/cross-training-source-image-page-008-image-02-xref-123.webp","missing","repo_missing","","dcd31dc849dd3db648eadea8946ad1925cad1b82"
"work/processed_images/private_reference/cross_training_images/cross-training-source-image-page-008-image-03-xref-124.webp","missing","repo_missing","","b4fefdc85201f7b0704aa3c66e067990bb274c97"
"work/processed_images/private_reference/cross_training_images/cross-training-source-image-page-011-image-01-xref-157.webp","missing","repo_missing","","f8b8136e20000e04e71b1dd4fa2f5c53439fde57"
"work/processed_images/private_reference/cross_training_images/cross-training-source-image-page-011-image-02-xref-158.webp","missing","repo_missing","","5105027ddae232ff3d71ec57a24daa8331221f0a"
"work/processed_images/private_reference/cross_training_images/cross-training-source-image-page-011-image-03-xref-159.webp","missing","repo_missing","","5d62a78d02a9bcafb9b001f0c4c0cb41947ab99c"
"work/processed_images/private_reference/cross_training_images/cross-training-source-image-page-011-image-04-xref-160.webp","missing","repo_missing","","b086112cc3312837a1be4c2d8123d57a3b39e088"
"work/processed_images/private_reference/cross_training_images/cross-training-source-image-page-011-image-05-xref-161.webp","missing","repo_missing","","b922711b5f4ce6072c4aa4482986caa5863ad0aa"
"work/processed_images/private_reference/cross_training_images/cross-training-source-image-page-011-image-06-xref-162.webp","missing","repo_missing","","92c493e38e64ffa911a4f32bd3054401402c968b"
"work/processed_images/private_reference/cross_training_images/cross-training-source-image-page-011-image-07-xref-163.webp","missing","repo_missing","","26eebba64590a5349c94ec589a8fe57c70dfef93"
"work/processed_images/private_reference/cross_training_images/cross-training-source-image-page-011-image-08-xref-164.webp","missing","repo_missing","","9b4d528fdaa607e3db9e354e1f4258520aed313c"
"work/processed_images/private_reference/cross_training_rendered_pages/availability-penalty-high-workload.webp","missing","repo_missing","","57c0fbc5dbde19946bc8fa672f245535563f4127"
"work/processed_images/private_reference/cross_training_rendered_pages/cross-training-rendered-page-1.webp","missing","repo_missing","","85a843e468e2a8c9261330277339593943f6589b"
"work/processed_images/private_reference/cross_training_rendered_pages/cross-training-rendered-page-6.webp","missing","repo_missing","","2669b88a4e216d21fc6c0cfbbe2bc0ffd1fe875b"
"work/processed_images/private_reference/cross_training_rendered_pages/cross-training-rendered-page-7.webp","missing","repo_missing","","c35db43064eb2ac98ef72d4db06098f5e333fe90"
"work/processed_images/private_reference/cross_training_rendered_pages/direct-indirect-effects-table.webp","missing","repo_missing","","4b6ac607fd80e2fa887513a81f023ad05c17c67c"
"work/processed_images/private_reference/cross_training_rendered_pages/intensity-functions-annotated.webp","missing","repo_missing","","2cb9cdb5599441ae490832a79d1ecb91e9836102"
"work/processed_images/private_reference/cross_training_rendered_pages/response-times-high-workload.webp","missing","repo_missing","","3bf99867a26fd47b909ce3d5d4a6df6941ed2785"
"work/processed_images/private_reference/docx/availability-penalty-high-workload.webp","missing","repo_missing","","ecac0fd4863edd62025c56efff80275f5ff67ff1"
"work/processed_images/private_reference/docx/availability-penalty-high-workload-alt.webp","missing","repo_missing","","ac9383bf08a62c104f1ad032e2c83158432f4a67"
"work/processed_images/private_reference/docx/direct-indirect-effects-table.webp","missing","repo_missing","","0abf04afe5cad6820046cc371c25d01e3f0aaef2"
"work/processed_images/private_reference/docx/direct-indirect-effects-table-alt.webp","missing","repo_missing","","2b07016d68c875c2ea52be89c16ff5de1648ad31"
"work/processed_images/private_reference/docx/disney-service-design-concept.webp","missing","repo_missing","","cc770aacbe8740ced5813e664c413a78a117ebdd"
"work/processed_images/private_reference/docx/disney-service-design-concept-alt.webp","missing","repo_missing","","41d702bc228c6109ee9431187a462dd7b233aa1b"
"work/processed_images/private_reference/docx/docx-equation-or-formula-image12.webp","missing","repo_missing","","03674f6b38d8986a0cf3882e5ae15b902df325bd"
"work/processed_images/private_reference/docx/docx-equation-or-formula-image14.webp","missing","repo_missing","","cdf87fbe9c55931307f205a8651f8ac2a8214c12"
"work/processed_images/private_reference/docx/docx-equation-or-formula-image15.webp","missing","repo_missing","","c69084f1a35525f109a71e3fb9beb92d0f8e2e01"
"work/processed_images/private_reference/docx/docx-equation-or-formula-image16.webp","missing","repo_missing","","f4591fdb579fd38d2b053efaa7f962b6a022d26b"
"work/processed_images/private_reference/docx/docx-equation-or-formula-image24.webp","missing","repo_missing","","dbff9330ef7edb98ae88a7b1d8c35f9c90e374f9"
"work/processed_images/private_reference/docx/docx-large-source-visual-image1.webp","missing","repo_missing","","fdc36c5abeda92fe04b0e533078621cdfd47cbad"
"work/processed_images/private_reference/docx/docx-private-reference-image10.webp","missing","repo_missing","","1d1e4f47b5c447ce94be4bed4af6b4d4b3d2dd5f"
"work/processed_images/private_reference/docx/docx-private-reference-image11.webp","missing","repo_missing","","cfb6c7e3c792d05a846a8f2efd4535ed8470e323"
"work/processed_images/private_reference/docx/docx-private-reference-image2.svg","missing","repo_missing","","0f9d1843b09bdb09d70d3408e0c63b7abfc80a24"
"work/processed_images/private_reference/docx/docx-private-reference-image3.webp","missing","repo_missing","","ec2b2a27711ca91c585a11142e6dcbcd902de472"
"work/processed_images/private_reference/docx/docx-private-reference-image61.webp","missing","repo_missing","","6c419ba77e89f741291506b6e81ff4466240f3fc"
"work/processed_images/private_reference/docx/docx-private-reference-image62.webp","missing","repo_missing","","d43067fca21eadcac01b35618318d7a4d7b0eaf4"
"work/processed_images/private_reference/docx/docx-private-reference-image8.webp","missing","repo_missing","","fbb89fd46ecba34a84ef02afc38a2d2dc1d4ba64"
"work/processed_images/private_reference/docx/docx-private-reference-image9.webp","missing","repo_missing","","bc6c7c5f23a22c906ee50729f8d4926738db802d"
"work/processed_images/private_reference/docx/docx-template-decorative-image17.webp","missing","repo_missing","","0bfaadfcadcbe4dd192559c6d90878cf80b4c3b7"
"work/processed_images/private_reference/docx/docx-template-decorative-image18.webp","missing","repo_missing","","163ca0a3f9388c73be28eea500fc4b678bfa365c"
"work/processed_images/private_reference/docx/docx-template-decorative-image19.webp","missing","repo_missing","","8b4978769f0c22f30c349749a93648570d4d6721"
"work/processed_images/private_reference/docx/docx-template-decorative-image20.webp","missing","repo_missing","","4b3d4d3fe9899d73a4c70d447f50a6edf96e751b"
"work/processed_images/private_reference/docx/docx-template-decorative-image21.webp","missing","repo_missing","","1dbfc928d6ec5c4b7d1abc20c7320ab0d769add4"
"work/processed_images/private_reference/docx/docx-template-decorative-image22.webp","missing","repo_missing","","8799927caee60237aabe9d2be9a299b72a94715d"
"work/processed_images/private_reference/docx/docx-template-decorative-image23.webp","missing","repo_missing","","e531948608f557b5b44a36d88764f98602d2996e"
"work/processed_images/private_reference/docx/docx-template-decorative-image25.webp","missing","repo_missing","","60aa0a7ea462a57b89a85f159b32d9ae3d7d0c47"
"work/processed_images/private_reference/docx/docx-template-decorative-image26.webp","missing","repo_missing","","6dd5fc35f542ad1d54c969740f0cd28ea6c7ddc2"
"work/processed_images/private_reference/docx/docx-template-decorative-image27.webp","missing","repo_missing","","f84845c96a990ccd8f2f45d94580d980aaf419b3"
"work/processed_images/private_reference/docx/docx-template-decorative-image28.webp","missing","repo_missing","","93d01bd83f81f34aefd0713b818b8a663f0392d0"
"work/processed_images/private_reference/docx/image29.emf","missing","repo_missing","","c5f35667ccdc58087a801c2bd96d89c01a23352e"
"work/processed_images/private_reference/docx/image30.emf","missing","repo_missing","","2010b876e983b5ae0515457c6151b94d24e8a02d"
"work/processed_images/private_reference/docx/image31.emf","missing","repo_missing","","bca95749686d344c78cba3a1144b99e46e72b6ee"
"work/processed_images/private_reference/docx/image32.emf","missing","repo_missing","","e94a35a7076614720cc8882f90f47cff9d1239c8"
"work/processed_images/private_reference/docx/image33.emf","missing","repo_missing","","82e37d6df471ec5fab065dfa73edabfb5fadc4fd"
"work/processed_images/private_reference/docx/image34.emf","missing","repo_missing","","bdd1529bb66846f03d67fb0bc573500e2db0f4f9"
"work/processed_images/private_reference/docx/image35.emf","missing","repo_missing","","cb62fa0ae32740f3707b13220ad966fa3c8d7ace"
"work/processed_images/private_reference/docx/image36.emf","missing","repo_missing","","3e42d158a04bee893458b8255fc44d1aab30d956"
"work/processed_images/private_reference/docx/image37.emf","missing","repo_missing","","7bff696c7ae83660edd9fc8b73c676584637f024"
"work/processed_images/private_reference/docx/image38.emf","missing","repo_missing","","b140e76225fe51339b5d353620c3e36fa7b744ee"
"work/processed_images/private_reference/docx/image39.emf","missing","repo_missing","","cce3cca100b99d2a281496d336d8989ce495589d"
"work/processed_images/private_reference/docx/image40.emf","missing","repo_missing","","e9a4b56becfccad0dc4a66f05500d9c39aab0d85"
"work/processed_images/private_reference/docx/image41.emf","missing","repo_missing","","633045c5f2d0050abad791b51b5033dbd88b2d55"
"work/processed_images/private_reference/docx/image42.emf","missing","repo_missing","","d698553acb5fa74656d6ef17aefcce37dda71a47"
"work/processed_images/private_reference/docx/image43.emf","missing","repo_missing","","3db7aab53b753d967896c7cf2dc14b0ab4584321"
"work/processed_images/private_reference/docx/image44.emf","missing","repo_missing","","0f4ac03a4748c64b3fda3ccec4d37647d88e74de"
"work/processed_images/private_reference/docx/image45.emf","missing","repo_missing","","2d826f2b505883231248fa2b73bb581937157169"
"work/processed_images/private_reference/docx/image46.emf","missing","repo_missing","","a0802ca4165014b035a76beacd7c448feb3dc0b0"
"work/processed_images/private_reference/docx/image47.emf","missing","repo_missing","","e6213053bcb5b1f40f82e81ba88d7f0535cbf34d"
"work/processed_images/private_reference/docx/image48.emf","missing","repo_missing","","813430556a14287a932b3a3bea656ffe32054c8e"
"work/processed_images/private_reference/docx/image49.emf","missing","repo_missing","","cac4c1c4a5319d5f17cdb18a8f3b45cd2c342b9f"
"work/processed_images/private_reference/docx/image50.emf","missing","repo_missing","","237e97def458ebdbfe87f25803a541d387fc86d1"
"work/processed_images/private_reference/docx/image51.emf","missing","repo_missing","","b518d03692d90654842fbe34e27c48203220ac8e"
"work/processed_images/private_reference/docx/image52.emf","missing","repo_missing","","67f30c64652432f34aa645e6cd0dd1a822017835"
"work/processed_images/private_reference/docx/image53.emf","missing","repo_missing","","ae9e01767931365c3f5198c32d961c67fc71cfe9"
"work/processed_images/private_reference/docx/image54.emf","missing","repo_missing","","a117443159b48dbe32ecab9145d2f7c5620100f5"
"work/processed_images/private_reference/docx/image55.emf","missing","repo_missing","","5af793965bc30e9087350bcab67e6f584c5efbb2"
"work/processed_images/private_reference/docx/image56.emf","missing","repo_missing","","2799ce7b944202ea0df92f7a0f61ab875293fc54"
"work/processed_images/private_reference/docx/image57.emf","missing","repo_missing","","9c0075eaaeac60d7e2b25d87baa57ea6faed142d"
"work/processed_images/private_reference/docx/image59.emf","missing","repo_missing","","8b14dad539b48c41785612aeee7ecda588fbc3dd"
"work/processed_images/private_reference/docx/image60.emf","missing","repo_missing","","5905c73a4f75f010614e9929fe70bcd6b4cd2c04"
"work/processed_images/private_reference/docx/image63.emf","missing","repo_missing","","ce1c0f95165437b7b56a9e98a97285d2e46f8359"
"work/processed_images/private_reference/docx/image64.emf","missing","repo_missing","","b4f08574c2590e6650c2eef3f303c7c11737d830"
"work/processed_images/private_reference/docx/image65.emf","missing","repo_missing","","7b133d082590732ee07476c84a1b7d5e24c6821f"
"work/processed_images/private_reference/docx/image66.emf","missing","repo_missing","","d471c9823a935cc7579eae62b99334fc43525d49"
"work/processed_images/private_reference/docx/image67.emf","missing","repo_missing","","002c22e7e84702ee5fee4466e75b45652d818003"
"work/processed_images/private_reference/docx/image69.emf","missing","repo_missing","","0aafc93edef0d72809c413e58f04752a49a197bc"
"work/processed_images/private_reference/docx/image73.emf","missing","repo_missing","","ff1b2694e3deb382de0bf8668bcc3f9fd832b169"
"work/processed_images/private_reference/docx/image74.emf","missing","repo_missing","","3c7dbde650a1d207e0a3a883ef659bc25322c80a"
"work/processed_images/private_reference/docx/image75.emf","missing","repo_missing","","88fb2e1a1f7a21ff002f42ba77e3a6ae800f2cac"
"work/processed_images/private_reference/docx/image76.emf","missing","repo_missing","","0a46767ab3ceb20d9fabbfe119e38aa11e41c8bb"
"work/processed_images/private_reference/docx/image77.emf","missing","repo_missing","","46f0b7a5103c82e1a758fab0751177b0f2046c2a"
"work/processed_images/private_reference/docx/image78.emf","missing","repo_missing","","7461caf20e3e61b848b3ea372f223c03f901f948"
"work/processed_images/private_reference/docx/image79.emf","missing","repo_missing","","c05878e0d4db1cfb2780616f4dbfd4f4bed4deb1"
"work/processed_images/private_reference/docx/intensity-functions-annotated.webp","missing","repo_missing","","eb702314a1f07d2d6c35a4f90c0244a1419ba9ce"
"work/processed_images/private_reference/docx/intensity-functions-annotated-alt.webp","missing","repo_missing","","5be28858fee7c4ad29f9ef3b08e33aadcd05083f"
"work/processed_images/private_reference/docx/mcdonalds-standardization-concept.webp","missing","repo_missing","","785b837a4a474425c3808eb9376bdcc744c70f01"
"work/processed_images/private_reference/docx/response-times-high-workload.webp","missing","repo_missing","","c0a0161bd402bd7623ed349ab3313d96037e248e"
"work/processed_images/private_reference/docx/siemens-energy-business-units.webp","missing","repo_missing","","16d7a345d5ff17760f9a6950df101d1908582553"
"work/rebuild_clean_target_repo.ps1","missing","repo_missing","","2b9773cd31a65567ba7f7c33b5bcea50a085514f"
"work/tmp_public_safe_figures/availability-penalty-high-workload.png","missing","repo_missing","","b336c18b3c3ea07da23c50b27d2e37179211ca65"
"work/tmp_public_safe_figures/intensity-functions-annotated.png","missing","repo_missing","","bd03d15293fb6703aecb66b0f837de3c91e42fb1"
"work/tmp_public_safe_figures/response-times-high-workload.png","missing","repo_missing","","f05f67d5e9c60c2dec7ddce30918b242ac7edd99"
"work/tmp_public_safe_figures/siemens-energy-business-units.png","missing","repo_missing","","53a9919b4deff2c41f8679f9b55c44e2f2bae5cc"
"work/validate_public_repo.py","missing","repo_missing","","9db2f64ef8b8e759fce7c9662d33c9690cb7d3b0"
"work/write_commit_plan.py","missing","repo_missing","","6e5de5b9b98a01fa73d68807fa0d7774dba04555"
"work/write_extract_assets_script.py","missing","repo_missing","","040ab84f22c2ddc994426d48afa99c1b13471ec5"
"work/write_internship_part_1.py","missing","repo_missing","","2233ce080308c2ce25dd1b2ce13ac51f3018c3f3"
"work/write_internship_part_2.py","missing","repo_missing","","7fc79803bc472ba9318ee194dd8888688ad3b8a9"
"work/write_optimize_images_script.py","missing","repo_missing","","b44d63d9b764d094f6aa9b81c33ca178f50f9ba3"
"work/write_push_checklist.py","missing","repo_missing","","7de6759fa36a696ae3304c91516eaf89de2480c7"
"work/write_readme_variants.py","missing","repo_missing","","c1883c7024b3cb8c32cdbe45a43d59c30dda63ab"
"work/write_section_map.py","missing","repo_missing","","385bbf362037ef911cbd9630499bc5c4a1507689"
"work/write_support_files.py","missing","repo_missing","","96100022482ecfc270e3a33c809f3f16c98c87bb"
"work/write_verify_repo.py","missing","repo_missing","","2e87ff1e771c2c8e50a5a5b53b4529ffe093a6b8"
